'integer'	'char'	'boolean'	'string'	'type'	'='	'array'	'['	']'	'of'	'struct'	'{'	'}'	';'	':'	'function'	'('	')'	','	'var'	'if'	'else'	'while'	'do'	'break'	'continue'	'&&'	'||'	'<'	'>'	'<='	'>='	'=='	'!='	'+'	'-'	'*'	'/'	'++'	'--'	'!'	'.'	Id	'true'	'false'	c	s	n	$	P	LDE	DE	T	DT	DC	DF	LP	B	LDV	LS	DV	LI	S	U	M	E	L	R	Y	F	LE	LV	NB	NF	MF	MT	ME	MW	MC	IDD	IDU	ID	TRUE	FALSE	CHR	STR	NUM
0	 	 	 	 	s6	 	 	 	 	 	 	 	 	 	 	s5	 	 	 	 	 	 	 	 	 	 	 	 	 	 	 	 	 	 	 	 	 	 	 	 	 	 	 	 	 	 	 	 	 	 	1	2	 	4	 	3	 	 	 	 	 	 	 	 	 	 	 	 	 	 	 	 	 	 	 	 	 	 	 	 	 	 	 	 	 	 	 
1	 	 	 	 	s6	 	 	 	 	 	 	 	 	 	 	s5	 	 	 	 	 	 	 	 	 	 	 	 	 	 	 	 	 	 	 	 	 	 	 	 	 	 	 	 	 	 	 	 	acc	 	 	7	 	4	 	3	 	 	 	 	 	 	 	 	 	 	 	 	 	 	 	 	 	 	 	 	 	 	 	 	 	 	 	 	 	 	 
2	 	 	 	 	r2	 	 	 	 	 	 	 	 	 	 	r2	 	 	 	 	 	 	 	 	 	 	 	 	 	 	 	 	 	 	 	 	 	 	 	 	 	 	 	 	 	 	 	 	r2	 	 	 	 	 	 	 	 	 	 	 	 	 	 	 	 	 	 	 	 	 	 	 	 	 	 	 	 	 	 	 	 	 	 	 	 	 	 
3	 	 	 	 	r3	 	 	 	 	 	 	 	 	 	 	r3	 	 	 	 	 	 	 	 	 	 	 	 	 	 	 	 	 	 	 	 	 	 	 	 	 	 	 	 	 	 	 	 	r3	 	 	 	 	 	 	 	 	 	 	 	 	 	 	 	 	 	 	 	 	 	 	 	 	 	 	 	 	 	 	 	 	 	 	 	 	 	 
4	 	 	 	 	r4	 	 	 	 	 	 	 	 	 	 	r4	 	 	 	 	 	 	 	 	 	 	 	 	 	 	 	 	 	 	 	 	 	 	 	 	 	 	 	 	 	 	 	 	r4	 	 	 	 	 	 	 	 	 	 	 	 	 	 	 	 	 	 	 	 	 	 	 	 	 	 	 	 	 	 	 	 	 	 	 	 	 	 
5	 	 	 	 	 	 	 	 	 	 	 	 	 	 	 	 	 	 	 	 	 	 	 	 	 	 	 	 	 	 	 	 	 	 	 	 	 	 	 	 	 	 	s10	 	 	 	 	 	 	 	 	 	 	 	 	 	 	 	 	 	 	 	 	 	 	 	 	 	 	 	 	 	 	 	 	 	 	 	 	8	 	9	 	 	 	 	 
6	 	 	 	 	 	 	 	 	 	 	 	 	 	 	 	 	 	 	 	 	 	 	 	 	 	 	 	 	 	 	 	 	 	 	 	 	 	 	 	 	 	 	s10	 	 	 	 	 	 	 	 	 	 	 	 	 	 	 	 	 	 	 	 	 	 	 	 	 	 	 	 	 	 	 	 	 	 	 	 	11	 	9	 	 	 	 	 
7	 	 	 	 	r1	 	 	 	 	 	 	 	 	 	 	r1	 	 	 	 	 	 	 	 	 	 	 	 	 	 	 	 	 	 	 	 	 	 	 	 	 	 	 	 	 	 	 	 	r1	 	 	 	 	 	 	 	 	 	 	 	 	 	 	 	 	 	 	 	 	 	 	 	 	 	 	 	 	 	 	 	 	 	 	 	 	 	 
8	 	 	 	 	 	 	 	 	 	 	 	 	 	 	 	 	r73	 	 	 	 	 	 	 	 	 	 	 	 	 	 	 	 	 	 	 	 	 	 	 	 	 	 	 	 	 	 	 	 	 	 	 	 	 	 	 	 	 	 	 	 	 	 	 	 	 	 	 	 	 	 	 	 	12	 	 	 	 	 	 	 	 	 	 	 	 	 
9	 	 	 	 	r79	r79	 	 	 	 	 	 	 	 	r79	r79	r79	 	r79	 	 	 	 	 	 	 	 	 	 	 	 	 	 	 	 	 	 	 	 	 	 	 	 	 	 	 	 	 	r79	 	 	 	 	 	 	 	 	 	 	 	 	 	 	 	 	 	 	 	 	 	 	 	 	 	 	 	 	 	 	 	 	 	 	 	 	 	 
10	 	 	 	 	r81	r81	 	r81	r81	 	 	r81	r81	r81	r81	r81	r81	r81	r81	 	 	 	 	 	 	 	r81	r81	r81	r81	r81	r81	r81	r81	r81	r81	r81	r81	r81	r81	 	r81	 	 	 	 	 	 	r81	 	 	 	 	 	 	 	 	 	 	 	 	 	 	 	 	 	 	 	 	 	 	 	 	 	 	 	 	 	 	 	 	 	 	 	 	 	 
11	 	 	 	 	 	s13	 	 	 	 	 	 	 	 	 	 	 	 	 	 	 	 	 	 	 	 	 	 	 	 	 	 	 	 	 	 	 	 	 	 	 	 	 	 	 	 	 	 	 	 	 	 	 	 	 	 	 	 	 	 	 	 	 	 	 	 	 	 	 	 	 	 	 	 	 	 	 	 	 	 	 	 	 	 	 	 	 
12	 	 	 	 	 	 	 	 	 	 	 	 	 	 	 	 	s14	 	 	 	 	 	 	 	 	 	 	 	 	 	 	 	 	 	 	 	 	 	 	 	 	 	 	 	 	 	 	 	 	 	 	 	 	 	 	 	 	 	 	 	 	 	 	 	 	 	 	 	 	 	 	 	 	 	 	 	 	 	 	 	 	 	 	 	 	 	 
13	s18	s19	s20	s21	 	 	s15	 	 	 	s16	 	 	 	 	 	 	 	 	 	 	 	 	 	 	 	 	 	 	 	 	 	 	 	 	 	 	 	 	 	 	 	s10	 	 	 	 	 	 	 	 	 	17	 	 	 	 	 	 	 	 	 	 	 	 	 	 	 	 	 	 	 	 	 	 	 	 	 	 	 	22	23	 	 	 	 	 
14	 	 	 	 	 	 	 	 	 	 	 	 	 	 	 	 	 	 	 	 	 	 	 	 	 	 	 	 	 	 	 	 	 	 	 	 	 	 	 	 	 	 	s10	 	 	 	 	 	 	 	 	 	 	 	 	 	24	 	 	 	 	 	 	 	 	 	 	 	 	 	 	 	 	 	 	 	 	 	 	25	 	9	 	 	 	 	 
15	 	 	 	 	 	 	 	s26	 	 	 	 	 	 	 	 	 	 	 	 	 	 	 	 	 	 	 	 	 	 	 	 	 	 	 	 	 	 	 	 	 	 	 	 	 	 	 	 	 	 	 	 	 	 	 	 	 	 	 	 	 	 	 	 	 	 	 	 	 	 	 	 	 	 	 	 	 	 	 	 	 	 	 	 	 	 	 
16	 	 	 	 	 	 	 	 	 	 	 	r72	 	 	 	 	 	 	 	 	 	 	 	 	 	 	 	 	 	 	 	 	 	 	 	 	 	 	 	 	 	 	 	 	 	 	 	 	 	 	 	 	 	 	 	 	 	 	 	 	 	 	 	 	 	 	 	 	 	 	 	 	27	 	 	 	 	 	 	 	 	 	 	 	 	 	 
17	 	 	 	 	r12	 	 	 	 	 	 	 	 	 	 	r12	 	 	 	 	 	 	 	 	 	 	 	 	 	 	 	 	 	 	 	 	 	 	 	 	 	 	 	 	 	 	 	 	r12	 	 	 	 	 	 	 	 	 	 	 	 	 	 	 	 	 	 	 	 	 	 	 	 	 	 	 	 	 	 	 	 	 	 	 	 	 	 
18	 	 	 	 	r5	 	 	 	 	 	 	r5	r5	r5	 	r5	 	r5	r5	 	 	 	 	 	 	 	 	 	 	 	 	 	 	 	 	 	 	 	 	 	 	 	 	 	 	 	 	 	r5	 	 	 	 	 	 	 	 	 	 	 	 	 	 	 	 	 	 	 	 	 	 	 	 	 	 	 	 	 	 	 	 	 	 	 	 	 	 
19	 	 	 	 	r6	 	 	 	 	 	 	r6	r6	r6	 	r6	 	r6	r6	 	 	 	 	 	 	 	 	 	 	 	 	 	 	 	 	 	 	 	 	 	 	 	 	 	 	 	 	 	r6	 	 	 	 	 	 	 	 	 	 	 	 	 	 	 	 	 	 	 	 	 	 	 	 	 	 	 	 	 	 	 	 	 	 	 	 	 	 
20	 	 	 	 	r7	 	 	 	 	 	 	r7	r7	r7	 	r7	 	r7	r7	 	 	 	 	 	 	 	 	 	 	 	 	 	 	 	 	 	 	 	 	 	 	 	 	 	 	 	 	 	r7	 	 	 	 	 	 	 	 	 	 	 	 	 	 	 	 	 	 	 	 	 	 	 	 	 	 	 	 	 	 	 	 	 	 	 	 	 	 
21	 	 	 	 	r8	 	 	 	 	 	 	r8	r8	r8	 	r8	 	r8	r8	 	 	 	 	 	 	 	 	 	 	 	 	 	 	 	 	 	 	 	 	 	 	 	 	 	 	 	 	 	r8	 	 	 	 	 	 	 	 	 	 	 	 	 	 	 	 	 	 	 	 	 	 	 	 	 	 	 	 	 	 	 	 	 	 	 	 	 	 
22	 	 	 	 	r9	 	 	 	 	 	 	r9	r9	r9	 	r9	 	r9	r9	 	 	 	 	 	 	 	 	 	 	 	 	 	 	 	 	 	 	 	 	 	 	 	 	 	 	 	 	 	r9	 	 	 	 	 	 	 	 	 	 	 	 	 	 	 	 	 	 	 	 	 	 	 	 	 	 	 	 	 	 	 	 	 	 	 	 	 	 
23	 	 	 	 	r80	r80	 	r80	r80	 	 	r80	r80	r80	 	r80	r80	r80	r80	 	 	 	 	 	 	 	r80	r80	r80	r80	r80	r80	r80	r80	r80	r80	r80	r80	r80	r80	 	r80	 	 	 	 	 	 	r80	 	 	 	 	 	 	 	 	 	 	 	 	 	 	 	 	 	 	 	 	 	 	 	 	 	 	 	 	 	 	 	 	 	 	 	 	 	 
24	 	 	 	 	 	 	 	 	 	 	 	 	 	 	 	 	 	s28	s29	 	 	 	 	 	 	 	 	 	 	 	 	 	 	 	 	 	 	 	 	 	 	 	 	 	 	 	 	 	 	 	 	 	 	 	 	 	 	 	 	 	 	 	 	 	 	 	 	 	 	 	 	 	 	 	 	 	 	 	 	 	 	 	 	 	 	 	 
25	 	 	 	 	 	 	 	 	 	 	 	 	 	 	s30	 	 	 	 	 	 	 	 	 	 	 	 	 	 	 	 	 	 	 	 	 	 	 	 	 	 	 	 	 	 	 	 	 	 	 	 	 	 	 	 	 	 	 	 	 	 	 	 	 	 	 	 	 	 	 	 	 	 	 	 	 	 	 	 	 	 	 	 	 	 	 	 
26	 	 	 	 	 	 	 	 	 	 	 	 	 	 	 	 	 	 	 	 	 	 	 	 	 	 	 	 	 	 	 	 	 	 	 	 	 	 	 	 	 	 	 	 	 	 	 	s32	 	 	 	 	 	 	 	 	 	 	 	 	 	 	 	 	 	 	 	 	 	 	 	 	 	 	 	 	 	 	 	 	 	 	 	 	 	 	31
27	 	 	 	 	 	 	 	 	 	 	 	s33	 	 	 	 	 	 	 	 	 	 	 	 	 	 	 	 	 	 	 	 	 	 	 	 	 	 	 	 	 	 	 	 	 	 	 	 	 	 	 	 	 	 	 	 	 	 	 	 	 	 	 	 	 	 	 	 	 	 	 	 	 	 	 	 	 	 	 	 	 	 	 	 	 	 	 
28	 	 	 	 	 	 	 	 	 	 	 	 	 	 	s34	 	 	 	 	 	 	 	 	 	 	 	 	 	 	 	 	 	 	 	 	 	 	 	 	 	 	 	 	 	 	 	 	 	 	 	 	 	 	 	 	 	 	 	 	 	 	 	 	 	 	 	 	 	 	 	 	 	 	 	 	 	 	 	 	 	 	 	 	 	 	 	 
29	 	 	 	 	 	 	 	 	 	 	 	 	 	 	 	 	 	 	 	 	 	 	 	 	 	 	 	 	 	 	 	 	 	 	 	 	 	 	 	 	 	 	s10	 	 	 	 	 	 	 	 	 	 	 	 	 	 	 	 	 	 	 	 	 	 	 	 	 	 	 	 	 	 	 	 	 	 	 	 	35	 	9	 	 	 	 	 
30	s18	s19	s20	s21	 	 	 	 	 	 	 	 	 	 	 	 	 	 	 	 	 	 	 	 	 	 	 	 	 	 	 	 	 	 	 	 	 	 	 	 	 	 	s10	 	 	 	 	 	 	 	 	 	36	 	 	 	 	 	 	 	 	 	 	 	 	 	 	 	 	 	 	 	 	 	 	 	 	 	 	 	22	23	 	 	 	 	 
31	 	 	 	 	 	 	 	 	s37	 	 	 	 	 	 	 	 	 	 	 	 	 	 	 	 	 	 	 	 	 	 	 	 	 	 	 	 	 	 	 	 	 	 	 	 	 	 	 	 	 	 	 	 	 	 	 	 	 	 	 	 	 	 	 	 	 	 	 	 	 	 	 	 	 	 	 	 	 	 	 	 	 	 	 	 	 	 
32	 	 	 	 	 	 	 	 	r86	 	 	 	 	r86	 	 	 	r86	 	 	 	 	 	 	 	 	r86	r86	r86	r86	r86	r86	r86	r86	r86	r86	r86	r86	 	 	 	 	 	 	 	 	 	 	 	 	 	 	 	 	 	 	 	 	 	 	 	 	 	 	 	 	 	 	 	 	 	 	 	 	 	 	 	 	 	 	 	 	 	 	 	 	 
33	 	 	 	 	 	 	 	 	 	 	 	 	 	 	 	 	 	 	 	 	 	 	 	 	 	 	 	 	 	 	 	 	 	 	 	 	 	 	 	 	 	 	s10	 	 	 	 	 	 	 	 	 	 	 	38	 	 	 	 	 	 	39	 	 	 	 	 	 	 	 	 	 	 	 	 	 	 	 	 	40	 	9	 	 	 	 	 
34	s18	s19	s20	s21	 	 	 	 	 	 	 	 	 	 	 	 	 	 	 	 	 	 	 	 	 	 	 	 	 	 	 	 	 	 	 	 	 	 	 	 	 	 	s10	 	 	 	 	 	 	 	 	 	41	 	 	 	 	 	 	 	 	 	 	 	 	 	 	 	 	 	 	 	 	 	 	 	 	 	 	 	22	23	 	 	 	 	 
35	 	 	 	 	 	 	 	 	 	 	 	 	 	 	s42	 	 	 	 	 	 	 	 	 	 	 	 	 	 	 	 	 	 	 	 	 	 	 	 	 	 	 	 	 	 	 	 	 	 	 	 	 	 	 	 	 	 	 	 	 	 	 	 	 	 	 	 	 	 	 	 	 	 	 	 	 	 	 	 	 	 	 	 	 	 	 	 
36	 	 	 	 	 	 	 	 	 	 	 	 	 	 	 	 	 	r17	r17	 	 	 	 	 	 	 	 	 	 	 	 	 	 	 	 	 	 	 	 	 	 	 	 	 	 	 	 	 	 	 	 	 	 	 	 	 	 	 	 	 	 	 	 	 	 	 	 	 	 	 	 	 	 	 	 	 	 	 	 	 	 	 	 	 	 	 	 
37	 	 	 	 	 	 	 	 	 	s43	 	 	 	 	 	 	 	 	 	 	 	 	 	 	 	 	 	 	 	 	 	 	 	 	 	 	 	 	 	 	 	 	 	 	 	 	 	 	 	 	 	 	 	 	 	 	 	 	 	 	 	 	 	 	 	 	 	 	 	 	 	 	 	 	 	 	 	 	 	 	 	 	 	 	 	 	 
38	 	 	 	 	 	 	 	 	 	 	 	 	s44	s45	 	 	 	 	 	 	 	 	 	 	 	 	 	 	 	 	 	 	 	 	 	 	 	 	 	 	 	 	 	 	 	 	 	 	 	 	 	 	 	 	 	 	 	 	 	 	 	 	 	 	 	 	 	 	 	 	 	 	 	 	 	 	 	 	 	 	 	 	 	 	 	 	 
39	 	 	 	 	 	 	 	 	 	 	 	 	 	 	s46	 	 	 	s47	 	 	 	 	 	 	 	 	 	 	 	 	 	 	 	 	 	 	 	 	 	 	 	 	 	 	 	 	 	 	 	 	 	 	 	 	 	 	 	 	 	 	 	 	 	 	 	 	 	 	 	 	 	 	 	 	 	 	 	 	 	 	 	 	 	 	 	 
40	 	 	 	 	 	 	 	 	 	 	 	 	 	 	r25	 	 	 	r25	 	 	 	 	 	 	 	 	 	 	 	 	 	 	 	 	 	 	 	 	 	 	 	 	 	 	 	 	 	 	 	 	 	 	 	 	 	 	 	 	 	 	 	 	 	 	 	 	 	 	 	 	 	 	 	 	 	 	 	 	 	 	 	 	 	 	 	 
41	 	 	 	 	 	 	 	 	 	 	 	r74	 	 	 	 	 	 	 	 	 	 	 	 	 	 	 	 	 	 	 	 	 	 	 	 	 	 	 	 	 	 	 	 	 	 	 	 	 	 	 	 	 	 	 	 	 	 	 	 	 	 	 	 	 	 	 	 	 	 	 	 	 	 	48	 	 	 	 	 	 	 	 	 	 	 	 
42	s18	s19	s20	s21	 	 	 	 	 	 	 	 	 	 	 	 	 	 	 	 	 	 	 	 	 	 	 	 	 	 	 	 	 	 	 	 	 	 	 	 	 	 	s10	 	 	 	 	 	 	 	 	 	49	 	 	 	 	 	 	 	 	 	 	 	 	 	 	 	 	 	 	 	 	 	 	 	 	 	 	 	22	23	 	 	 	 	 
43	s18	s19	s20	s21	 	 	 	 	 	 	 	 	 	 	 	 	 	 	 	 	 	 	 	 	 	 	 	 	 	 	 	 	 	 	 	 	 	 	 	 	 	 	s10	 	 	 	 	 	 	 	 	 	50	 	 	 	 	 	 	 	 	 	 	 	 	 	 	 	 	 	 	 	 	 	 	 	 	 	 	 	22	23	 	 	 	 	 
44	 	 	 	 	r11	 	 	 	 	 	 	 	 	 	 	r11	 	 	 	 	 	 	 	 	 	 	 	 	 	 	 	 	 	 	 	 	 	 	 	 	 	 	 	 	 	 	 	 	r11	 	 	 	 	 	 	 	 	 	 	 	 	 	 	 	 	 	 	 	 	 	 	 	 	 	 	 	 	 	 	 	 	 	 	 	 	 	 
45	 	 	 	 	 	 	 	 	 	 	 	 	 	 	 	 	 	 	 	 	 	 	 	 	 	 	 	 	 	 	 	 	 	 	 	 	 	 	 	 	 	 	s10	 	 	 	 	 	 	 	 	 	 	 	 	 	 	 	 	 	 	51	 	 	 	 	 	 	 	 	 	 	 	 	 	 	 	 	 	40	 	9	 	 	 	 	 
46	s18	s19	s20	s21	 	 	 	 	 	 	 	 	 	 	 	 	 	 	 	 	 	 	 	 	 	 	 	 	 	 	 	 	 	 	 	 	 	 	 	 	 	 	s10	 	 	 	 	 	 	 	 	 	52	 	 	 	 	 	 	 	 	 	 	 	 	 	 	 	 	 	 	 	 	 	 	 	 	 	 	 	22	23	 	 	 	 	 
47	 	 	 	 	 	 	 	 	 	 	 	 	 	 	 	 	 	 	 	 	 	 	 	 	 	 	 	 	 	 	 	 	 	 	 	 	 	 	 	 	 	 	s10	 	 	 	 	 	 	 	 	 	 	 	 	 	 	 	 	 	 	 	 	 	 	 	 	 	 	 	 	 	 	 	 	 	 	 	 	53	 	9	 	 	 	 	 
48	 	 	 	 	 	 	 	 	 	 	 	s55	 	 	 	 	 	 	 	 	 	 	 	 	 	 	 	 	 	 	 	 	 	 	 	 	 	 	 	 	 	 	 	 	 	 	 	 	 	 	 	 	 	 	 	 	 	54	 	 	 	 	 	 	 	 	 	 	 	 	 	 	 	 	 	 	 	 	 	 	 	 	 	 	 	 	 
49	 	 	 	 	 	 	 	 	 	 	 	 	 	 	 	 	 	r16	r16	 	 	 	 	 	 	 	 	 	 	 	 	 	 	 	 	 	 	 	 	 	 	 	 	 	 	 	 	 	 	 	 	 	 	 	 	 	 	 	 	 	 	 	 	 	 	 	 	 	 	 	 	 	 	 	 	 	 	 	 	 	 	 	 	 	 	 	 
50	 	 	 	 	r10	 	 	 	 	 	 	 	 	 	 	r10	 	 	 	 	 	 	 	 	 	 	 	 	 	 	 	 	 	 	 	 	 	 	 	 	 	 	 	 	 	 	 	 	r10	 	 	 	 	 	 	 	 	 	 	 	 	 	 	 	 	 	 	 	 	 	 	 	 	 	 	 	 	 	 	 	 	 	 	 	 	 	 
51	 	 	 	 	 	 	 	 	 	 	 	 	 	 	s56	 	 	 	s47	 	 	 	 	 	 	 	 	 	 	 	 	 	 	 	 	 	 	 	 	 	 	 	 	 	 	 	 	 	 	 	 	 	 	 	 	 	 	 	 	 	 	 	 	 	 	 	 	 	 	 	 	 	 	 	 	 	 	 	 	 	 	 	 	 	 	 	 
52	 	 	 	 	 	 	 	 	 	 	 	 	r14	r14	 	 	 	 	 	 	 	 	 	 	 	 	 	 	 	 	 	 	 	 	 	 	 	 	 	 	 	 	 	 	 	 	 	 	 	 	 	 	 	 	 	 	 	 	 	 	 	 	 	 	 	 	 	 	 	 	 	 	 	 	 	 	 	 	 	 	 	 	 	 	 	 	 
53	 	 	 	 	 	 	 	 	 	 	 	 	 	 	r24	 	 	 	r24	 	 	 	 	 	 	 	 	 	 	 	 	 	 	 	 	 	 	 	 	 	 	 	 	 	 	 	 	 	 	 	 	 	 	 	 	 	 	 	 	 	 	 	 	 	 	 	 	 	 	 	 	 	 	 	 	 	 	 	 	 	 	 	 	 	 	 	 
54	 	 	 	 	r15	 	 	 	 	 	 	 	 	 	 	r15	 	 	 	 	 	 	 	 	 	 	 	 	 	 	 	 	 	 	 	 	 	 	 	 	 	 	 	 	 	 	 	 	r15	 	 	 	 	 	 	 	 	 	 	 	 	 	 	 	 	 	 	 	 	 	 	 	 	 	 	 	 	 	 	 	 	 	 	 	 	 	 
55	 	 	 	 	 	 	 	 	 	 	 	 	 	 	 	 	 	 	 	s59	 	 	 	 	 	 	 	 	 	 	 	 	 	 	 	 	 	 	 	 	 	 	 	 	 	 	 	 	 	 	 	 	 	 	 	 	 	 	57	 	58	 	 	 	 	 	 	 	 	 	 	 	 	 	 	 	 	 	 	 	 	 	 	 	 	 	 
56	s18	s19	s20	s21	 	 	 	 	 	 	 	 	 	 	 	 	 	 	 	 	 	 	 	 	 	 	 	 	 	 	 	 	 	 	 	 	 	 	 	 	 	 	s10	 	 	 	 	 	 	 	 	 	60	 	 	 	 	 	 	 	 	 	 	 	 	 	 	 	 	 	 	 	 	 	 	 	 	 	 	 	22	23	 	 	 	 	 
57	 	 	 	 	 	 	 	 	 	 	 	r72	 	 	 	 	 	 	 	s59	s66	 	s67	s68	s71	s72	 	 	 	 	 	 	 	 	 	 	 	 	 	 	 	 	s10	 	 	 	 	 	 	 	 	 	 	 	 	 	 	 	 	61	62	 	63	65	64	 	 	 	 	 	 	70	69	 	 	 	 	 	 	 	73	23	 	 	 	 	 
58	 	 	 	 	r20	 	 	 	 	 	 	r20	r20	 	 	r20	 	 	 	r20	r20	r20	r20	r20	r20	r20	 	 	 	 	 	 	 	 	 	 	 	 	 	 	 	 	r20	 	 	 	 	 	r20	 	 	 	 	 	 	 	 	 	 	 	 	 	 	 	 	 	 	 	 	 	 	 	 	 	 	 	 	 	 	 	 	 	 	 	 	 	 
59	 	 	 	 	 	 	 	 	 	 	 	 	 	 	 	 	 	 	 	 	 	 	 	 	 	 	 	 	 	 	 	 	 	 	 	 	 	 	 	 	 	 	s10	 	 	 	 	 	 	 	 	 	 	 	 	 	 	 	 	 	 	74	 	 	 	 	 	 	 	 	 	 	 	 	 	 	 	 	 	40	 	9	 	 	 	 	 
60	 	 	 	 	 	 	 	 	 	 	 	 	r13	r13	 	 	 	 	 	 	 	 	 	 	 	 	 	 	 	 	 	 	 	 	 	 	 	 	 	 	 	 	 	 	 	 	 	 	 	 	 	 	 	 	 	 	 	 	 	 	 	 	 	 	 	 	 	 	 	 	 	 	 	 	 	 	 	 	 	 	 	 	 	 	 	 	 
61	 	 	 	 	 	 	 	 	 	 	 	r72	s75	 	 	 	 	 	 	 	s66	 	s67	s68	s71	s72	 	 	 	 	 	 	 	 	 	 	 	 	 	 	 	 	s10	 	 	 	 	 	 	 	 	 	 	 	 	 	 	 	 	 	 	 	76	65	64	 	 	 	 	 	 	70	69	 	 	 	 	 	 	 	73	23	 	 	 	 	 
62	 	 	 	 	r19	 	 	 	 	 	 	r19	r19	 	 	r19	 	 	 	r19	r19	r19	r19	r19	r19	r19	 	 	 	 	 	 	 	 	 	 	 	 	 	 	 	 	r19	 	 	 	 	 	r19	 	 	 	 	 	 	 	 	 	 	 	 	 	 	 	 	 	 	 	 	 	 	 	 	 	 	 	 	 	 	 	 	 	 	 	 	 	 
63	 	 	 	 	 	 	 	 	 	 	 	r22	r22	 	 	 	 	 	 	 	r22	 	r22	r22	r22	r22	 	 	 	 	 	 	 	 	 	 	 	 	 	 	 	 	r22	 	 	 	 	 	 	 	 	 	 	 	 	 	 	 	 	 	 	 	 	 	 	 	 	 	 	 	 	 	 	 	 	 	 	 	 	 	 	 	 	 	 	 	 
64	 	 	 	 	 	 	 	 	 	 	 	r26	r26	 	 	 	 	 	 	 	r26	 	r26	r26	r26	r26	 	 	 	 	 	 	 	 	 	 	 	 	 	 	 	 	r26	 	 	 	 	 	 	 	 	 	 	 	 	 	 	 	 	 	 	 	 	 	 	 	 	 	 	 	 	 	 	 	 	 	 	 	 	 	 	 	 	 	 	 	 
65	 	 	 	 	 	 	 	 	 	 	 	r27	r27	 	 	 	 	 	 	 	r27	 	r27	r27	r27	r27	 	 	 	 	 	 	 	 	 	 	 	 	 	 	 	 	r27	 	 	 	 	 	 	 	 	 	 	 	 	 	 	 	 	 	 	 	 	 	 	 	 	 	 	 	 	 	 	 	 	 	 	 	 	 	 	 	 	 	 	 	 
66	 	 	 	 	 	 	 	 	 	 	 	 	 	 	 	 	s77	 	 	 	 	 	 	 	 	 	 	 	 	 	 	 	 	 	 	 	 	 	 	 	 	 	 	 	 	 	 	 	 	 	 	 	 	 	 	 	 	 	 	 	 	 	 	 	 	 	 	 	 	 	 	 	 	 	 	 	 	 	 	 	 	 	 	 	 	 	 
67	 	 	 	 	 	 	 	 	 	 	 	 	 	 	 	 	s78	 	 	 	 	 	 	 	 	 	 	 	 	 	 	 	 	 	 	 	 	 	 	 	 	 	 	 	 	 	 	 	 	 	 	 	 	 	 	 	 	 	 	 	 	 	 	 	 	 	 	 	 	 	 	 	 	 	 	 	 	 	 	 	 	 	 	 	 	 	 
68	 	 	 	 	 	 	 	 	 	 	 	r72	 	 	 	 	 	 	 	 	s80	 	s67	s68	s71	s72	 	 	 	 	 	 	 	 	 	 	 	 	 	 	 	 	s10	 	 	 	 	 	 	 	 	 	 	 	 	 	 	 	 	 	 	 	 	 	79	 	 	 	 	 	 	70	69	 	 	 	 	 	 	 	73	23	 	 	 	 	 
69	 	 	 	 	 	 	 	 	 	 	 	s55	 	 	 	 	 	 	 	 	 	 	 	 	 	 	 	 	 	 	 	 	 	 	 	 	 	 	 	 	 	 	 	 	 	 	 	 	 	 	 	 	 	 	 	 	 	81	 	 	 	 	 	 	 	 	 	 	 	 	 	 	 	 	 	 	 	 	 	 	 	 	 	 	 	 	 
70	 	 	 	 	 	s82	 	s84	 	 	 	 	 	 	 	 	 	 	 	 	 	 	 	 	 	 	 	 	 	 	 	 	 	 	 	 	 	 	 	 	 	s83	 	 	 	 	 	 	 	 	 	 	 	 	 	 	 	 	 	 	 	 	 	 	 	 	 	 	 	 	 	 	 	 	 	 	 	 	 	 	 	 	 	 	 	 	 
71	 	 	 	 	 	 	 	 	 	 	 	 	 	s85	 	 	 	 	 	 	 	 	 	 	 	 	 	 	 	 	 	 	 	 	 	 	 	 	 	 	 	 	 	 	 	 	 	 	 	 	 	 	 	 	 	 	 	 	 	 	 	 	 	 	 	 	 	 	 	 	 	 	 	 	 	 	 	 	 	 	 	 	 	 	 	 	 
72	 	 	 	 	 	 	 	 	 	 	 	 	 	s86	 	 	 	 	 	 	 	 	 	 	 	 	 	 	 	 	 	 	 	 	 	 	 	 	 	 	 	 	 	 	 	 	 	 	 	 	 	 	 	 	 	 	 	 	 	 	 	 	 	 	 	 	 	 	 	 	 	 	 	 	 	 	 	 	 	 	 	 	 	 	 	 	 
73	 	 	 	 	 	r71	 	r71	r71	 	 	 	 	r71	 	 	 	r71	 	 	 	 	 	 	 	 	r71	r71	r71	r71	r71	r71	r71	r71	r71	r71	r71	r71	r71	r71	 	r71	 	 	 	 	 	 	 	 	 	 	 	 	 	 	 	 	 	 	 	 	 	 	 	 	 	 	 	 	 	 	 	 	 	 	 	 	 	 	 	 	 	 	 	 	 
74	 	 	 	 	 	 	 	 	 	 	 	 	 	 	s87	 	 	 	s47	 	 	 	 	 	 	 	 	 	 	 	 	 	 	 	 	 	 	 	 	 	 	 	 	 	 	 	 	 	 	 	 	 	 	 	 	 	 	 	 	 	 	 	 	 	 	 	 	 	 	 	 	 	 	 	 	 	 	 	 	 	 	 	 	 	 	 	 
75	 	 	 	 	r18	 	 	 	 	 	 	r18	r18	 	 	r18	 	 	 	 	r18	r18	r18	r18	r18	r18	 	 	 	 	 	 	 	 	 	 	 	 	 	 	 	 	r18	 	 	 	 	 	r18	 	 	 	 	 	 	 	 	 	 	 	 	 	 	 	 	 	 	 	 	 	 	 	 	 	 	 	 	 	 	 	 	 	 	 	 	 	 
76	 	 	 	 	 	 	 	 	 	 	 	r21	r21	 	 	 	 	 	 	 	r21	 	r21	r21	r21	r21	 	 	 	 	 	 	 	 	 	 	 	 	 	 	 	 	r21	 	 	 	 	 	 	 	 	 	 	 	 	 	 	 	 	 	 	 	 	 	 	 	 	 	 	 	 	 	 	 	 	 	 	 	 	 	 	 	 	 	 	 	 
77	 	 	 	 	 	 	 	 	 	 	 	 	 	 	 	 	s96	 	 	 	 	 	 	 	 	 	 	 	 	 	 	 	 	 	 	s98	 	 	s94	s95	s99	 	s10	s105	s106	s107	s108	s32	 	 	 	 	 	 	 	 	 	 	 	 	 	 	 	 	 	88	89	90	91	92	 	93	 	 	 	 	 	 	 	 	97	23	100	101	102	103	104
78	 	 	 	 	 	 	 	 	 	 	 	 	 	 	 	 	s96	 	 	 	 	 	 	 	 	 	 	 	 	 	 	 	 	 	 	s98	 	 	s94	s95	s99	 	s10	s105	s106	s107	s108	s32	 	 	 	 	 	 	 	 	 	 	 	 	 	 	 	 	 	109	89	90	91	92	 	93	 	 	 	 	 	 	 	 	97	23	100	101	102	103	104
79	 	 	 	 	 	 	 	 	 	 	 	 	 	 	 	 	 	 	 	 	 	 	s110	 	 	 	 	 	 	 	 	 	 	 	 	 	 	 	 	 	 	 	 	 	 	 	 	 	 	 	 	 	 	 	 	 	 	 	 	 	 	 	 	 	 	 	 	 	 	 	 	 	 	 	 	 	 	 	 	 	 	 	 	 	 	 	 
80	 	 	 	 	 	 	 	 	 	 	 	 	 	 	 	 	s111	 	 	 	 	 	 	 	 	 	 	 	 	 	 	 	 	 	 	 	 	 	 	 	 	 	 	 	 	 	 	 	 	 	 	 	 	 	 	 	 	 	 	 	 	 	 	 	 	 	 	 	 	 	 	 	 	 	 	 	 	 	 	 	 	 	 	 	 	 	 
81	 	 	 	 	 	 	 	 	 	 	 	r33	r33	 	 	 	 	 	 	 	r33	r33	r33	r33	r33	r33	 	 	 	 	 	 	 	 	 	 	 	 	 	 	 	 	r33	 	 	 	 	 	 	 	 	 	 	 	 	 	 	 	 	 	 	 	 	 	 	 	 	 	 	 	 	 	 	 	 	 	 	 	 	 	 	 	 	 	 	 	 
82	 	 	 	 	 	 	 	 	 	 	 	 	 	 	 	 	s96	 	 	 	 	 	 	 	 	 	 	 	 	 	 	 	 	 	 	s98	 	 	s94	s95	s99	 	s10	s105	s106	s107	s108	s32	 	 	 	 	 	 	 	 	 	 	 	 	 	 	 	 	 	112	89	90	91	92	 	93	 	 	 	 	 	 	 	 	97	23	100	101	102	103	104
83	 	 	 	 	 	 	 	 	 	 	 	 	 	 	 	 	 	 	 	 	 	 	 	 	 	 	 	 	 	 	 	 	 	 	 	 	 	 	 	 	 	 	s10	 	 	 	 	 	 	 	 	 	 	 	 	 	 	 	 	 	 	 	 	 	 	 	 	 	 	 	 	 	 	 	 	 	 	 	 	 	113	23	 	 	 	 	 
84	 	 	 	 	 	 	 	 	 	 	 	 	 	 	 	 	s96	 	 	 	 	 	 	 	 	 	 	 	 	 	 	 	 	 	 	s98	 	 	s94	s95	s99	 	s10	s105	s106	s107	s108	s32	 	 	 	 	 	 	 	 	 	 	 	 	 	 	 	 	 	114	89	90	91	92	 	93	 	 	 	 	 	 	 	 	97	23	100	101	102	103	104
85	 	 	 	 	 	 	 	 	 	 	 	r35	r35	 	 	 	 	 	 	 	r35	r35	r35	r35	r35	r35	 	 	 	 	 	 	 	 	 	 	 	 	 	 	 	 	r35	 	 	 	 	 	 	 	 	 	 	 	 	 	 	 	 	 	 	 	 	 	 	 	 	 	 	 	 	 	 	 	 	 	 	 	 	 	 	 	 	 	 	 	 
86	 	 	 	 	 	 	 	 	 	 	 	r36	r36	 	 	 	 	 	 	 	r36	r36	r36	r36	r36	r36	 	 	 	 	 	 	 	 	 	 	 	 	 	 	 	 	r36	 	 	 	 	 	 	 	 	 	 	 	 	 	 	 	 	 	 	 	 	 	 	 	 	 	 	 	 	 	 	 	 	 	 	 	 	 	 	 	 	 	 	 	 
87	s18	s19	s20	s21	 	 	 	 	 	 	 	 	 	 	 	 	 	 	 	 	 	 	 	 	 	 	 	 	 	 	 	 	 	 	 	 	 	 	 	 	 	 	s10	 	 	 	 	 	 	 	 	 	115	 	 	 	 	 	 	 	 	 	 	 	 	 	 	 	 	 	 	 	 	 	 	 	 	 	 	 	22	23	 	 	 	 	 
88	 	 	 	 	 	 	 	 	 	 	 	 	 	 	 	 	 	s116	 	 	 	 	 	 	 	 	s117	s118	 	 	 	 	 	 	 	 	 	 	 	 	 	 	 	 	 	 	 	 	 	 	 	 	 	 	 	 	 	 	 	 	 	 	 	 	 	 	 	 	 	 	 	 	 	 	 	 	 	 	 	 	 	 	 	 	 	 	 
89	 	 	 	 	 	 	 	 	r39	 	 	 	 	r39	 	 	 	r39	 	 	 	 	 	 	 	 	r39	r39	s119	s120	s121	s122	s123	s124	 	 	 	 	 	 	 	 	 	 	 	 	 	 	 	 	 	 	 	 	 	 	 	 	 	 	 	 	 	 	 	 	 	 	 	 	 	 	 	 	 	 	 	 	 	 	 	 	 	 	 	 	 
90	 	 	 	 	 	 	 	 	r46	 	 	 	 	r46	 	 	 	r46	 	 	 	 	 	 	 	 	r46	r46	r46	r46	r46	r46	r46	r46	s125	s126	 	 	 	 	 	 	 	 	 	 	 	 	 	 	 	 	 	 	 	 	 	 	 	 	 	 	 	 	 	 	 	 	 	 	 	 	 	 	 	 	 	 	 	 	 	 	 	 	 	 	 
91	 	 	 	 	 	 	 	 	r49	 	 	 	 	r49	 	 	 	r49	 	 	 	 	 	 	 	 	r49	r49	r49	r49	r49	r49	r49	r49	r49	r49	s127	s128	 	 	 	 	 	 	 	 	 	 	 	 	 	 	 	 	 	 	 	 	 	 	 	 	 	 	 	 	 	 	 	 	 	 	 	 	 	 	 	 	 	 	 	 	 	 	 	 	 
92	 	 	 	 	 	 	 	 	r52	 	 	 	 	r52	 	 	 	r52	 	 	 	 	 	 	 	 	r52	r52	r52	r52	r52	r52	r52	r52	r52	r52	r52	r52	 	 	 	 	 	 	 	 	 	 	 	 	 	 	 	 	 	 	 	 	 	 	 	 	 	 	 	 	 	 	 	 	 	 	 	 	 	 	 	 	 	 	 	 	 	 	 	 	 
93	 	 	 	 	 	 	 	s84	r53	 	 	 	 	r53	 	 	 	r53	 	 	 	 	 	 	 	 	r53	r53	r53	r53	r53	r53	r53	r53	r53	r53	r53	r53	s129	s130	 	s83	 	 	 	 	 	 	 	 	 	 	 	 	 	 	 	 	 	 	 	 	 	 	 	 	 	 	 	 	 	 	 	 	 	 	 	 	 	 	 	 	 	 	 	 	 
94	 	 	 	 	 	 	 	 	 	 	 	 	 	 	 	 	 	 	 	 	 	 	 	 	 	 	 	 	 	 	 	 	 	 	 	 	 	 	 	 	 	 	s10	 	 	 	 	 	 	 	 	 	 	 	 	 	 	 	 	 	 	 	 	 	 	 	 	 	 	 	 	131	 	 	 	 	 	 	 	 	73	23	 	 	 	 	 
95	 	 	 	 	 	 	 	 	 	 	 	 	 	 	 	 	 	 	 	 	 	 	 	 	 	 	 	 	 	 	 	 	 	 	 	 	 	 	 	 	 	 	s10	 	 	 	 	 	 	 	 	 	 	 	 	 	 	 	 	 	 	 	 	 	 	 	 	 	 	 	 	132	 	 	 	 	 	 	 	 	73	23	 	 	 	 	 
96	 	 	 	 	 	 	 	 	 	 	 	 	 	 	 	 	s96	 	 	 	 	 	 	 	 	 	 	 	 	 	 	 	 	 	 	s98	 	 	s94	s95	s99	 	s10	s105	s106	s107	s108	s32	 	 	 	 	 	 	 	 	 	 	 	 	 	 	 	 	 	133	89	90	91	92	 	93	 	 	 	 	 	 	 	 	97	23	100	101	102	103	104
97	 	 	 	 	 	r71	 	r71	r71	 	 	 	 	r71	 	 	r78	r71	 	 	 	 	 	 	 	 	r71	r71	r71	r71	r71	r71	r71	r71	r71	r71	r71	r71	r71	r71	 	r71	 	 	 	 	 	 	 	 	 	 	 	 	 	 	 	 	 	 	 	 	 	 	 	 	 	 	 	 	 	 	 	 	 	 	 	 	134	 	 	 	 	 	 	 	 
98	 	 	 	 	 	 	 	 	 	 	 	 	 	 	 	 	s96	 	 	 	 	 	 	 	 	 	 	 	 	 	 	 	 	 	 	s98	 	 	s94	s95	s99	 	s10	s105	s106	s107	s108	s32	 	 	 	 	 	 	 	 	 	 	 	 	 	 	 	 	 	 	 	 	 	135	 	93	 	 	 	 	 	 	 	 	97	23	100	101	102	103	104
99	 	 	 	 	 	 	 	 	 	 	 	 	 	 	 	 	s96	 	 	 	 	 	 	 	 	 	 	 	 	 	 	 	 	 	 	s98	 	 	s94	s95	s99	 	s10	s105	s106	s107	s108	s32	 	 	 	 	 	 	 	 	 	 	 	 	 	 	 	 	 	 	 	 	 	136	 	93	 	 	 	 	 	 	 	 	97	23	100	101	102	103	104
100	 	 	 	 	 	 	 	 	r62	 	 	 	 	r62	 	 	 	r62	 	 	 	 	 	 	 	 	r62	r62	r62	r62	r62	r62	r62	r62	r62	r62	r62	r62	 	 	 	 	 	 	 	 	 	 	 	 	 	 	 	 	 	 	 	 	 	 	 	 	 	 	 	 	 	 	 	 	 	 	 	 	 	 	 	 	 	 	 	 	 	 	 	 	 
101	 	 	 	 	 	 	 	 	r63	 	 	 	 	r63	 	 	 	r63	 	 	 	 	 	 	 	 	r63	r63	r63	r63	r63	r63	r63	r63	r63	r63	r63	r63	 	 	 	 	 	 	 	 	 	 	 	 	 	 	 	 	 	 	 	 	 	 	 	 	 	 	 	 	 	 	 	 	 	 	 	 	 	 	 	 	 	 	 	 	 	 	 	 	 
102	 	 	 	 	 	 	 	 	r64	 	 	 	 	r64	 	 	 	r64	 	 	 	 	 	 	 	 	r64	r64	r64	r64	r64	r64	r64	r64	r64	r64	r64	r64	 	 	 	 	 	 	 	 	 	 	 	 	 	 	 	 	 	 	 	 	 	 	 	 	 	 	 	 	 	 	 	 	 	 	 	 	 	 	 	 	 	 	 	 	 	 	 	 	 
103	 	 	 	 	 	 	 	 	r65	 	 	 	 	r65	 	 	 	r65	 	 	 	 	 	 	 	 	r65	r65	r65	r65	r65	r65	r65	r65	r65	r65	r65	r65	 	 	 	 	 	 	 	 	 	 	 	 	 	 	 	 	 	 	 	 	 	 	 	 	 	 	 	 	 	 	 	 	 	 	 	 	 	 	 	 	 	 	 	 	 	 	 	 	 
104	 	 	 	 	 	 	 	 	r66	 	 	 	 	r66	 	 	 	r66	 	 	 	 	 	 	 	 	r66	r66	r66	r66	r66	r66	r66	r66	r66	r66	r66	r66	 	 	 	 	 	 	 	 	 	 	 	 	 	 	 	 	 	 	 	 	 	 	 	 	 	 	 	 	 	 	 	 	 	 	 	 	 	 	 	 	 	 	 	 	 	 	 	 	 
105	 	 	 	 	 	 	 	 	r82	 	 	 	 	r82	 	 	 	r82	 	 	 	 	 	 	 	 	r82	r82	r82	r82	r82	r82	r82	r82	r82	r82	r82	r82	 	 	 	 	 	 	 	 	 	 	 	 	 	 	 	 	 	 	 	 	 	 	 	 	 	 	 	 	 	 	 	 	 	 	 	 	 	 	 	 	 	 	 	 	 	 	 	 	 
106	 	 	 	 	 	 	 	 	r83	 	 	 	 	r83	 	 	 	r83	 	 	 	 	 	 	 	 	r83	r83	r83	r83	r83	r83	r83	r83	r83	r83	r83	r83	 	 	 	 	 	 	 	 	 	 	 	 	 	 	 	 	 	 	 	 	 	 	 	 	 	 	 	 	 	 	 	 	 	 	 	 	 	 	 	 	 	 	 	 	 	 	 	 	 
107	 	 	 	 	 	 	 	 	r84	 	 	 	 	r84	 	 	 	r84	 	 	 	 	 	 	 	 	r84	r84	r84	r84	r84	r84	r84	r84	r84	r84	r84	r84	 	 	 	 	 	 	 	 	 	 	 	 	 	 	 	 	 	 	 	 	 	 	 	 	 	 	 	 	 	 	 	 	 	 	 	 	 	 	 	 	 	 	 	 	 	 	 	 	 
108	 	 	 	 	 	 	 	 	r85	 	 	 	 	r85	 	 	 	r85	 	 	 	 	 	 	 	 	r85	r85	r85	r85	r85	r85	r85	r85	r85	r85	r85	r85	 	 	 	 	 	 	 	 	 	 	 	 	 	 	 	 	 	 	 	 	 	 	 	 	 	 	 	 	 	 	 	 	 	 	 	 	 	 	 	 	 	 	 	 	 	 	 	 	 
109	 	 	 	 	 	 	 	 	 	 	 	 	 	 	 	 	 	s137	 	 	 	 	 	 	 	 	s117	s118	 	 	 	 	 	 	 	 	 	 	 	 	 	 	 	 	 	 	 	 	 	 	 	 	 	 	 	 	 	 	 	 	 	 	 	 	 	 	 	 	 	 	 	 	 	 	 	 	 	 	 	 	 	 	 	 	 	 	 
110	 	 	 	 	 	 	 	 	 	 	 	 	 	 	 	 	s138	 	 	 	 	 	 	 	 	 	 	 	 	 	 	 	 	 	 	 	 	 	 	 	 	 	 	 	 	 	 	 	 	 	 	 	 	 	 	 	 	 	 	 	 	 	 	 	 	 	 	 	 	 	 	 	 	 	 	 	 	 	 	 	 	 	 	 	 	 	 
111	 	 	 	 	 	 	 	 	 	 	 	 	 	 	 	 	s96	 	 	 	 	 	 	 	 	 	 	 	 	 	 	 	 	 	 	s98	 	 	s94	s95	s99	 	s10	s105	s106	s107	s108	s32	 	 	 	 	 	 	 	 	 	 	 	 	 	 	 	 	 	139	89	90	91	92	 	93	 	 	 	 	 	 	 	 	97	23	100	101	102	103	104
112	 	 	 	 	 	 	 	 	 	 	 	 	 	s140	 	 	 	 	 	 	 	 	 	 	 	 	s117	s118	 	 	 	 	 	 	 	 	 	 	 	 	 	 	 	 	 	 	 	 	 	 	 	 	 	 	 	 	 	 	 	 	 	 	 	 	 	 	 	 	 	 	 	 	 	 	 	 	 	 	 	 	 	 	 	 	 	 	 
113	 	 	 	 	 	r69	 	r69	r69	 	 	 	 	r69	 	 	 	r69	 	 	 	 	 	 	 	 	r69	r69	r69	r69	r69	r69	r69	r69	r69	r69	r69	r69	r69	r69	 	r69	 	 	 	 	 	 	 	 	 	 	 	 	 	 	 	 	 	 	 	 	 	 	 	 	 	 	 	 	 	 	 	 	 	 	 	 	 	 	 	 	 	 	 	 	 
114	 	 	 	 	 	 	 	 	s141	 	 	 	 	 	 	 	 	 	 	 	 	 	 	 	 	 	s117	s118	 	 	 	 	 	 	 	 	 	 	 	 	 	 	 	 	 	 	 	 	 	 	 	 	 	 	 	 	 	 	 	 	 	 	 	 	 	 	 	 	 	 	 	 	 	 	 	 	 	 	 	 	 	 	 	 	 	 	 
115	 	 	 	 	 	 	 	 	 	 	 	 	 	s142	 	 	 	 	 	 	 	 	 	 	 	 	 	 	 	 	 	 	 	 	 	 	 	 	 	 	 	 	 	 	 	 	 	 	 	 	 	 	 	 	 	 	 	 	 	 	 	 	 	 	 	 	 	 	 	 	 	 	 	 	 	 	 	 	 	 	 	 	 	 	 	 	 
116	 	 	 	 	 	 	 	 	 	 	 	r72	 	 	 	 	 	 	 	 	s66	 	s67	s68	s71	s72	 	 	 	 	 	 	 	 	 	 	 	 	 	 	 	 	s10	 	 	 	 	 	 	 	 	 	 	 	 	 	 	 	 	 	 	 	144	65	143	 	 	 	 	 	 	70	69	 	 	 	 	 	 	 	73	23	 	 	 	 	 
117	 	 	 	 	 	 	 	 	 	 	 	 	 	 	 	 	s96	 	 	 	 	 	 	 	 	 	 	 	 	 	 	 	 	 	 	s98	 	 	s94	s95	s99	 	s10	s105	s106	s107	s108	s32	 	 	 	 	 	 	 	 	 	 	 	 	 	 	 	 	 	 	145	90	91	92	 	93	 	 	 	 	 	 	 	 	97	23	100	101	102	103	104
118	 	 	 	 	 	 	 	 	 	 	 	 	 	 	 	 	s96	 	 	 	 	 	 	 	 	 	 	 	 	 	 	 	 	 	 	s98	 	 	s94	s95	s99	 	s10	s105	s106	s107	s108	s32	 	 	 	 	 	 	 	 	 	 	 	 	 	 	 	 	 	 	146	90	91	92	 	93	 	 	 	 	 	 	 	 	97	23	100	101	102	103	104
119	 	 	 	 	 	 	 	 	 	 	 	 	 	 	 	 	s96	 	 	 	 	 	 	 	 	 	 	 	 	 	 	 	 	 	 	s98	 	 	s94	s95	s99	 	s10	s105	s106	s107	s108	s32	 	 	 	 	 	 	 	 	 	 	 	 	 	 	 	 	 	 	 	147	91	92	 	93	 	 	 	 	 	 	 	 	97	23	100	101	102	103	104
120	 	 	 	 	 	 	 	 	 	 	 	 	 	 	 	 	s96	 	 	 	 	 	 	 	 	 	 	 	 	 	 	 	 	 	 	s98	 	 	s94	s95	s99	 	s10	s105	s106	s107	s108	s32	 	 	 	 	 	 	 	 	 	 	 	 	 	 	 	 	 	 	 	148	91	92	 	93	 	 	 	 	 	 	 	 	97	23	100	101	102	103	104
121	 	 	 	 	 	 	 	 	 	 	 	 	 	 	 	 	s96	 	 	 	 	 	 	 	 	 	 	 	 	 	 	 	 	 	 	s98	 	 	s94	s95	s99	 	s10	s105	s106	s107	s108	s32	 	 	 	 	 	 	 	 	 	 	 	 	 	 	 	 	 	 	 	149	91	92	 	93	 	 	 	 	 	 	 	 	97	23	100	101	102	103	104
122	 	 	 	 	 	 	 	 	 	 	 	 	 	 	 	 	s96	 	 	 	 	 	 	 	 	 	 	 	 	 	 	 	 	 	 	s98	 	 	s94	s95	s99	 	s10	s105	s106	s107	s108	s32	 	 	 	 	 	 	 	 	 	 	 	 	 	 	 	 	 	 	 	150	91	92	 	93	 	 	 	 	 	 	 	 	97	23	100	101	102	103	104
123	 	 	 	 	 	 	 	 	 	 	 	 	 	 	 	 	s96	 	 	 	 	 	 	 	 	 	 	 	 	 	 	 	 	 	 	s98	 	 	s94	s95	s99	 	s10	s105	s106	s107	s108	s32	 	 	 	 	 	 	 	 	 	 	 	 	 	 	 	 	 	 	 	151	91	92	 	93	 	 	 	 	 	 	 	 	97	23	100	101	102	103	104
124	 	 	 	 	 	 	 	 	 	 	 	 	 	 	 	 	s96	 	 	 	 	 	 	 	 	 	 	 	 	 	 	 	 	 	 	s98	 	 	s94	s95	s99	 	s10	s105	s106	s107	s108	s32	 	 	 	 	 	 	 	 	 	 	 	 	 	 	 	 	 	 	 	152	91	92	 	93	 	 	 	 	 	 	 	 	97	23	100	101	102	103	104
125	 	 	 	 	 	 	 	 	 	 	 	 	 	 	 	 	s96	 	 	 	 	 	 	 	 	 	 	 	 	 	 	 	 	 	 	s98	 	 	s94	s95	s99	 	s10	s105	s106	s107	s108	s32	 	 	 	 	 	 	 	 	 	 	 	 	 	 	 	 	 	 	 	 	153	92	 	93	 	 	 	 	 	 	 	 	97	23	100	101	102	103	104
126	 	 	 	 	 	 	 	 	 	 	 	 	 	 	 	 	s96	 	 	 	 	 	 	 	 	 	 	 	 	 	 	 	 	 	 	s98	 	 	s94	s95	s99	 	s10	s105	s106	s107	s108	s32	 	 	 	 	 	 	 	 	 	 	 	 	 	 	 	 	 	 	 	 	154	92	 	93	 	 	 	 	 	 	 	 	97	23	100	101	102	103	104
127	 	 	 	 	 	 	 	 	 	 	 	 	 	 	 	 	s96	 	 	 	 	 	 	 	 	 	 	 	 	 	 	 	 	 	 	s98	 	 	s94	s95	s99	 	s10	s105	s106	s107	s108	s32	 	 	 	 	 	 	 	 	 	 	 	 	 	 	 	 	 	 	 	 	 	155	 	93	 	 	 	 	 	 	 	 	97	23	100	101	102	103	104
128	 	 	 	 	 	 	 	 	 	 	 	 	 	 	 	 	s96	 	 	 	 	 	 	 	 	 	 	 	 	 	 	 	 	 	 	s98	 	 	s94	s95	s99	 	s10	s105	s106	s107	s108	s32	 	 	 	 	 	 	 	 	 	 	 	 	 	 	 	 	 	 	 	 	 	156	 	93	 	 	 	 	 	 	 	 	97	23	100	101	102	103	104
129	 	 	 	 	 	 	 	 	r56	 	 	 	 	r56	 	 	 	r56	 	 	 	 	 	 	 	 	r56	r56	r56	r56	r56	r56	r56	r56	r56	r56	r56	r56	 	 	 	 	 	 	 	 	 	 	 	 	 	 	 	 	 	 	 	 	 	 	 	 	 	 	 	 	 	 	 	 	 	 	 	 	 	 	 	 	 	 	 	 	 	 	 	 	 
130	 	 	 	 	 	 	 	 	r57	 	 	 	 	r57	 	 	 	r57	 	 	 	 	 	 	 	 	r57	r57	r57	r57	r57	r57	r57	r57	r57	r57	r57	r57	 	 	 	 	 	 	 	 	 	 	 	 	 	 	 	 	 	 	 	 	 	 	 	 	 	 	 	 	 	 	 	 	 	 	 	 	 	 	 	 	 	 	 	 	 	 	 	 	 
131	 	 	 	 	 	 	 	s84	r54	 	 	 	 	r54	 	 	 	r54	 	 	 	 	 	 	 	 	r54	r54	r54	r54	r54	r54	r54	r54	r54	r54	r54	r54	 	 	 	s83	 	 	 	 	 	 	 	 	 	 	 	 	 	 	 	 	 	 	 	 	 	 	 	 	 	 	 	 	 	 	 	 	 	 	 	 	 	 	 	 	 	 	 	 	 
132	 	 	 	 	 	 	 	s84	r55	 	 	 	 	r55	 	 	 	r55	 	 	 	 	 	 	 	 	r55	r55	r55	r55	r55	r55	r55	r55	r55	r55	r55	r55	 	 	 	s83	 	 	 	 	 	 	 	 	 	 	 	 	 	 	 	 	 	 	 	 	 	 	 	 	 	 	 	 	 	 	 	 	 	 	 	 	 	 	 	 	 	 	 	 	 
133	 	 	 	 	 	 	 	 	 	 	 	 	 	 	 	 	 	s157	 	 	 	 	 	 	 	 	s117	s118	 	 	 	 	 	 	 	 	 	 	 	 	 	 	 	 	 	 	 	 	 	 	 	 	 	 	 	 	 	 	 	 	 	 	 	 	 	 	 	 	 	 	 	 	 	 	 	 	 	 	 	 	 	 	 	 	 	 	 
134	 	 	 	 	 	 	 	 	 	 	 	 	 	 	 	 	s158	 	 	 	 	 	 	 	 	 	 	 	 	 	 	 	 	 	 	 	 	 	 	 	 	 	 	 	 	 	 	 	 	 	 	 	 	 	 	 	 	 	 	 	 	 	 	 	 	 	 	 	 	 	 	 	 	 	 	 	 	 	 	 	 	 	 	 	 	 	 
135	 	 	 	 	 	 	 	 	r60	 	 	 	 	r60	 	 	 	r60	 	 	 	 	 	 	 	 	r60	r60	r60	r60	r60	r60	r60	r60	r60	r60	r60	r60	 	 	 	 	 	 	 	 	 	 	 	 	 	 	 	 	 	 	 	 	 	 	 	 	 	 	 	 	 	 	 	 	 	 	 	 	 	 	 	 	 	 	 	 	 	 	 	 	 
136	 	 	 	 	 	 	 	 	r61	 	 	 	 	r61	 	 	 	r61	 	 	 	 	 	 	 	 	r61	r61	r61	r61	r61	r61	r61	r61	r61	r61	r61	r61	 	 	 	 	 	 	 	 	 	 	 	 	 	 	 	 	 	 	 	 	 	 	 	 	 	 	 	 	 	 	 	 	 	 	 	 	 	 	 	 	 	 	 	 	 	 	 	 	 
137	 	 	 	 	 	 	 	 	 	 	 	r72	 	 	 	 	 	 	 	 	s80	 	s67	s68	s71	s72	 	 	 	 	 	 	 	 	 	 	 	 	 	 	 	 	s10	 	 	 	 	 	 	 	 	 	 	 	 	 	 	 	 	 	 	 	 	 	159	 	 	 	 	 	 	70	69	 	 	 	 	 	 	 	73	23	 	 	 	 	 
138	 	 	 	 	 	 	 	 	 	 	 	 	 	 	 	 	s96	 	 	 	 	 	 	 	 	 	 	 	 	 	 	 	 	 	 	s98	 	 	s94	s95	s99	 	s10	s105	s106	s107	s108	s32	 	 	 	 	 	 	 	 	 	 	 	 	 	 	 	 	 	160	89	90	91	92	 	93	 	 	 	 	 	 	 	 	97	23	100	101	102	103	104
139	 	 	 	 	 	 	 	 	 	 	 	 	 	 	 	 	 	s161	 	 	 	 	 	 	 	 	s117	s118	 	 	 	 	 	 	 	 	 	 	 	 	 	 	 	 	 	 	 	 	 	 	 	 	 	 	 	 	 	 	 	 	 	 	 	 	 	 	 	 	 	 	 	 	 	 	 	 	 	 	 	 	 	 	 	 	 	 	 
140	 	 	 	 	 	 	 	 	 	 	 	r34	r34	 	 	 	 	 	 	 	r34	r34	r34	r34	r34	r34	 	 	 	 	 	 	 	 	 	 	 	 	 	 	 	 	r34	 	 	 	 	 	 	 	 	 	 	 	 	 	 	 	 	 	 	 	 	 	 	 	 	 	 	 	 	 	 	 	 	 	 	 	 	 	 	 	 	 	 	 	 
141	 	 	 	 	 	r70	 	r70	r70	 	 	 	 	r70	 	 	 	r70	 	 	 	 	 	 	 	 	r70	r70	r70	r70	r70	r70	r70	r70	r70	r70	r70	r70	r70	r70	 	r70	 	 	 	 	 	 	 	 	 	 	 	 	 	 	 	 	 	 	 	 	 	 	 	 	 	 	 	 	 	 	 	 	 	 	 	 	 	 	 	 	 	 	 	 	 
142	 	 	 	 	r23	 	 	 	 	 	 	r23	r23	 	 	r23	 	 	 	r23	r23	r23	r23	r23	r23	r23	 	 	 	 	 	 	 	 	 	 	 	 	 	 	 	 	r23	 	 	 	 	 	r23	 	 	 	 	 	 	 	 	 	 	 	 	 	 	 	 	 	 	 	 	 	 	 	 	 	 	 	 	 	 	 	 	 	 	 	 	 	 
143	 	 	 	 	 	 	 	 	 	 	 	r26	r26	 	 	 	 	 	 	 	r26	s162	r26	r26	r26	r26	 	 	 	 	 	 	 	 	 	 	 	 	 	 	 	 	r26	 	 	 	 	 	 	 	 	 	 	 	 	 	 	 	 	 	 	 	 	 	 	 	 	 	 	 	 	 	 	 	 	 	 	 	 	 	 	 	 	 	 	 	 
144	 	 	 	 	 	 	 	 	 	 	 	r28	r28	 	 	 	 	 	 	 	r28	 	r28	r28	r28	r28	 	 	 	 	 	 	 	 	 	 	 	 	 	 	 	 	r28	 	 	 	 	 	 	 	 	 	 	 	 	 	 	 	 	 	 	 	 	 	 	 	 	 	 	 	 	 	 	 	 	 	 	 	 	 	 	 	 	 	 	 	 
145	 	 	 	 	 	 	 	 	r37	 	 	 	 	r37	 	 	 	r37	 	 	 	 	 	 	 	 	r37	r37	s119	s120	s121	s122	s123	s124	 	 	 	 	 	 	 	 	 	 	 	 	 	 	 	 	 	 	 	 	 	 	 	 	 	 	 	 	 	 	 	 	 	 	 	 	 	 	 	 	 	 	 	 	 	 	 	 	 	 	 	 	 
146	 	 	 	 	 	 	 	 	r38	 	 	 	 	r38	 	 	 	r38	 	 	 	 	 	 	 	 	r38	r38	s119	s120	s121	s122	s123	s124	 	 	 	 	 	 	 	 	 	 	 	 	 	 	 	 	 	 	 	 	 	 	 	 	 	 	 	 	 	 	 	 	 	 	 	 	 	 	 	 	 	 	 	 	 	 	 	 	 	 	 	 	 
147	 	 	 	 	 	 	 	 	r40	 	 	 	 	r40	 	 	 	r40	 	 	 	 	 	 	 	 	r40	r40	r40	r40	r40	r40	r40	r40	s125	s126	 	 	 	 	 	 	 	 	 	 	 	 	 	 	 	 	 	 	 	 	 	 	 	 	 	 	 	 	 	 	 	 	 	 	 	 	 	 	 	 	 	 	 	 	 	 	 	 	 	 	 
148	 	 	 	 	 	 	 	 	r41	 	 	 	 	r41	 	 	 	r41	 	 	 	 	 	 	 	 	r41	r41	r41	r41	r41	r41	r41	r41	s125	s126	 	 	 	 	 	 	 	 	 	 	 	 	 	 	 	 	 	 	 	 	 	 	 	 	 	 	 	 	 	 	 	 	 	 	 	 	 	 	 	 	 	 	 	 	 	 	 	 	 	 	 
149	 	 	 	 	 	 	 	 	r42	 	 	 	 	r42	 	 	 	r42	 	 	 	 	 	 	 	 	r42	r42	r42	r42	r42	r42	r42	r42	s125	s126	 	 	 	 	 	 	 	 	 	 	 	 	 	 	 	 	 	 	 	 	 	 	 	 	 	 	 	 	 	 	 	 	 	 	 	 	 	 	 	 	 	 	 	 	 	 	 	 	 	 	 
150	 	 	 	 	 	 	 	 	r43	 	 	 	 	r43	 	 	 	r43	 	 	 	 	 	 	 	 	r43	r43	r43	r43	r43	r43	r43	r43	s125	s126	 	 	 	 	 	 	 	 	 	 	 	 	 	 	 	 	 	 	 	 	 	 	 	 	 	 	 	 	 	 	 	 	 	 	 	 	 	 	 	 	 	 	 	 	 	 	 	 	 	 	 
151	 	 	 	 	 	 	 	 	r44	 	 	 	 	r44	 	 	 	r44	 	 	 	 	 	 	 	 	r44	r44	r44	r44	r44	r44	r44	r44	s125	s126	 	 	 	 	 	 	 	 	 	 	 	 	 	 	 	 	 	 	 	 	 	 	 	 	 	 	 	 	 	 	 	 	 	 	 	 	 	 	 	 	 	 	 	 	 	 	 	 	 	 	 
152	 	 	 	 	 	 	 	 	r45	 	 	 	 	r45	 	 	 	r45	 	 	 	 	 	 	 	 	r45	r45	r45	r45	r45	r45	r45	r45	s125	s126	 	 	 	 	 	 	 	 	 	 	 	 	 	 	 	 	 	 	 	 	 	 	 	 	 	 	 	 	 	 	 	 	 	 	 	 	 	 	 	 	 	 	 	 	 	 	 	 	 	 	 
153	 	 	 	 	 	 	 	 	r47	 	 	 	 	r47	 	 	 	r47	 	 	 	 	 	 	 	 	r47	r47	r47	r47	r47	r47	r47	r47	r47	r47	s127	s128	 	 	 	 	 	 	 	 	 	 	 	 	 	 	 	 	 	 	 	 	 	 	 	 	 	 	 	 	 	 	 	 	 	 	 	 	 	 	 	 	 	 	 	 	 	 	 	 	 
154	 	 	 	 	 	 	 	 	r48	 	 	 	 	r48	 	 	 	r48	 	 	 	 	 	 	 	 	r48	r48	r48	r48	r48	r48	r48	r48	r48	r48	s127	s128	 	 	 	 	 	 	 	 	 	 	 	 	 	 	 	 	 	 	 	 	 	 	 	 	 	 	 	 	 	 	 	 	 	 	 	 	 	 	 	 	 	 	 	 	 	 	 	 	 
155	 	 	 	 	 	 	 	 	r50	 	 	 	 	r50	 	 	 	r50	 	 	 	 	 	 	 	 	r50	r50	r50	r50	r50	r50	r50	r50	r50	r50	r50	r50	 	 	 	 	 	 	 	 	 	 	 	 	 	 	 	 	 	 	 	 	 	 	 	 	 	 	 	 	 	 	 	 	 	 	 	 	 	 	 	 	 	 	 	 	 	 	 	 	 
156	 	 	 	 	 	 	 	 	r51	 	 	 	 	r51	 	 	 	r51	 	 	 	 	 	 	 	 	r51	r51	r51	r51	r51	r51	r51	r51	r51	r51	r51	r51	 	 	 	 	 	 	 	 	 	 	 	 	 	 	 	 	 	 	 	 	 	 	 	 	 	 	 	 	 	 	 	 	 	 	 	 	 	 	 	 	 	 	 	 	 	 	 	 	 
157	 	 	 	 	 	 	 	 	r58	 	 	 	 	r58	 	 	 	r58	 	 	 	 	 	 	 	 	r58	r58	r58	r58	r58	r58	r58	r58	r58	r58	r58	r58	 	 	 	 	 	 	 	 	 	 	 	 	 	 	 	 	 	 	 	 	 	 	 	 	 	 	 	 	 	 	 	 	 	 	 	 	 	 	 	 	 	 	 	 	 	 	 	 	 
158	 	 	 	 	 	 	 	 	 	 	 	 	 	 	 	 	s96	 	 	 	 	 	 	 	 	 	 	 	 	 	 	 	 	 	 	s98	 	 	s94	s95	s99	 	s10	s105	s106	s107	s108	s32	 	 	 	 	 	 	 	 	 	 	 	 	 	 	 	 	 	164	89	90	91	92	163	93	 	 	 	 	 	 	 	 	97	23	100	101	102	103	104
159	 	 	 	 	 	 	 	 	 	 	 	r31	r31	 	 	 	 	 	 	 	r31	r31	r31	r31	r31	r31	 	 	 	 	 	 	 	 	 	 	 	 	 	 	 	 	r31	 	 	 	 	 	 	 	 	 	 	 	 	 	 	 	 	 	 	 	 	 	 	 	 	 	 	 	 	 	 	 	 	 	 	 	 	 	 	 	 	 	 	 	 
160	 	 	 	 	 	 	 	 	 	 	 	 	 	 	 	 	 	s165	 	 	 	 	 	 	 	 	s117	s118	 	 	 	 	 	 	 	 	 	 	 	 	 	 	 	 	 	 	 	 	 	 	 	 	 	 	 	 	 	 	 	 	 	 	 	 	 	 	 	 	 	 	 	 	 	 	 	 	 	 	 	 	 	 	 	 	 	 	 
161	 	 	 	 	 	 	 	 	 	 	 	r72	 	 	 	 	 	 	 	 	s80	 	s67	s68	s71	s72	 	 	 	 	 	 	 	 	 	 	 	 	 	 	 	 	s10	 	 	 	 	 	 	 	 	 	 	 	 	 	 	 	 	 	 	 	 	 	166	 	 	 	 	 	 	70	69	 	 	 	 	 	 	 	73	23	 	 	 	 	 
162	 	 	 	 	 	 	 	 	 	 	 	r72	 	 	 	 	 	 	 	 	s66	 	s67	s68	s71	s72	 	 	 	 	 	 	 	 	 	 	 	 	 	 	 	 	s10	 	 	 	 	 	 	 	 	 	 	 	 	 	 	 	 	 	 	 	 	168	167	 	 	 	 	 	 	70	69	 	 	 	 	 	 	 	73	23	 	 	 	 	 
163	 	 	 	 	 	 	 	 	 	 	 	 	 	s170	 	 	 	s169	 	 	 	 	 	 	 	 	 	 	 	 	 	 	 	 	 	 	 	 	 	 	 	 	 	 	 	 	 	 	 	 	 	 	 	 	 	 	 	 	 	 	 	 	 	 	 	 	 	 	 	 	 	 	 	 	 	 	 	 	 	 	 	 	 	 	 	 	 
164	 	 	 	 	 	 	 	 	 	 	 	 	 	r68	 	 	 	r68	 	 	 	 	 	 	 	 	s117	s118	 	 	 	 	 	 	 	 	 	 	 	 	 	 	 	 	 	 	 	 	 	 	 	 	 	 	 	 	 	 	 	 	 	 	 	 	 	 	 	 	 	 	 	 	 	 	 	 	 	 	 	 	 	 	 	 	 	 	 
165	 	 	 	 	 	 	 	 	 	 	 	 	 	s171	 	 	 	 	 	 	 	 	 	 	 	 	 	 	 	 	 	 	 	 	 	 	 	 	 	 	 	 	 	 	 	 	 	 	 	 	 	 	 	 	 	 	 	 	 	 	 	 	 	 	 	 	 	 	 	 	 	 	 	 	 	 	 	 	 	 	 	 	 	 	 	 	 
166	 	 	 	 	 	 	 	 	 	 	 	 	 	 	 	 	 	 	 	 	 	s172	 	 	 	 	 	 	 	 	 	 	 	 	 	 	 	 	 	 	 	 	 	 	 	 	 	 	 	 	 	 	 	 	 	 	 	 	 	 	 	 	 	 	 	 	 	 	 	 	 	 	 	 	 	 	 	 	 	 	 	 	 	 	 	 	 
167	 	 	 	 	 	 	 	 	 	 	 	r30	r30	 	 	 	 	 	 	 	r30	r30	r30	r30	r30	r30	 	 	 	 	 	 	 	 	 	 	 	 	 	 	 	 	r30	 	 	 	 	 	 	 	 	 	 	 	 	 	 	 	 	 	 	 	 	 	 	 	 	 	 	 	 	 	 	 	 	 	 	 	 	 	 	 	 	 	 	 	 
168	 	 	 	 	 	 	 	 	 	 	 	r29	r29	 	 	 	 	 	 	 	r29	 	r29	r29	r29	r29	 	 	 	 	 	 	 	 	 	 	 	 	 	 	 	 	r29	 	 	 	 	 	 	 	 	 	 	 	 	 	 	 	 	 	 	 	 	 	 	 	 	 	 	 	 	 	 	 	 	 	 	 	 	 	 	 	 	 	 	 	 
169	 	 	 	 	 	 	 	 	r59	 	 	 	 	r59	 	 	 	r59	 	 	 	 	 	 	 	 	r59	r59	r59	r59	r59	r59	r59	r59	r59	r59	r59	r59	 	 	 	 	 	 	 	 	 	 	 	 	 	 	 	 	 	 	 	 	 	 	 	 	 	 	 	 	 	 	 	 	 	 	 	 	 	 	 	 	 	 	 	 	 	 	 	 	 
170	 	 	 	 	 	 	 	 	 	 	 	 	 	 	 	 	s96	 	 	 	 	 	 	 	 	 	 	 	 	 	 	 	 	 	 	s98	 	 	s94	s95	s99	 	s10	s105	s106	s107	s108	s32	 	 	 	 	 	 	 	 	 	 	 	 	 	 	 	 	 	173	89	90	91	92	 	93	 	 	 	 	 	 	 	 	97	23	100	101	102	103	104
171	 	 	 	 	 	 	 	 	 	 	 	r32	r32	 	 	 	 	 	 	 	r32	r32	r32	r32	r32	r32	 	 	 	 	 	 	 	 	 	 	 	 	 	 	 	 	r32	 	 	 	 	 	 	 	 	 	 	 	 	 	 	 	 	 	 	 	 	 	 	 	 	 	 	 	 	 	 	 	 	 	 	 	 	 	 	 	 	 	 	 	 
172	 	 	 	 	 	 	 	 	 	 	 	r72	 	 	 	 	 	 	 	 	s80	 	s67	s68	s71	s72	 	 	 	 	 	 	 	 	 	 	 	 	 	 	 	 	s10	 	 	 	 	 	 	 	 	 	 	 	 	 	 	 	 	 	 	 	 	 	167	 	 	 	 	 	 	70	69	 	 	 	 	 	 	 	73	23	 	 	 	 	 
173	 	 	 	 	 	 	 	 	 	 	 	 	 	r67	 	 	 	r67	 	 	 	 	 	 	 	 	s117	s118	 	 	 	 	 	 	 	 	 	 	 	 	 	 	 	 	 	 	 	 	 	 	 	 	 	 	 	 	 	 	 	 	 	 	 	 	 	 	 	 	 	 	 	 	 	 	 	 	 	 	 	 	 	 	 	 	 	 	 
